文字,文字,Unicode,Unicode(Dec),原始CID,字圖名称,目標CID,字圖名称,No.,
与,与,4E0E,19982,9497,uni4E0E-JP,62068,uni4E0EuE0101-JP,1,
丽,丽,4E3D,20029,9564,uni4E3D-CN,9565,uni4E3D-TW,2,
亡,亡,4EA1,20129,9701,uni4EA1-JP,62075,uni4EA1uE0101-JP,3,
伨,伨,4F28,20264,9906,uni4F28-CN,9907,uni4F28-HK,4,
佢,佢,4F62,20322,9989,uni4F62-CN,9990,uni4F62-TW,5,
侴,侴,4FB4,20404,10117,uni4FB4-CN,10118,uni4FB4-HK,6,
倜,倜,501C,20508,10292,uni501C-CN,10291,uni501C-JP,7,
倡,倡,5021,20513,10300,uni5021-CN,10300,uni5021-CN,8,
倯,倯,502F,20527,10327,uni502F-CN,10328,uni502F-TW,9,
偝,偝,505D,20573,10407,uni505D-TW,10408,uni505D-HK,10,
偡,偡,5061,20577,10416,uni5061-CN,10417,uni5061-TW,11,
偰,偰,5070,20592,10441,uni5070-KR,10440,uni5070-JP,12,
傂,傂,5082,20610,10471,uni5082-CN,10472,uni5082-TW,13,
僈,僈,50C8,20680,10608,uni50C8-CN,10609,uni50C8-TW,14,
僋,僋,50CB,20683,10613,uni50CB-CN,10614,uni50CB-TW,15,
僭,僭,50ED,20717,62095,uni50EDuE0101-JP,10675,uni50ED-JP,16,
儥,儥,5125,20773,10780,uni5125-CN,10781,uni5125-HK,17,
兎,兎,514E,20814,61899,uni514E-JP90-JP,10855,uni514E-JP,18,
具,具,5177,20855,62103,uni5177uE0101-JP,10926,uni5177-JP,19,
冴,冴,51B4,20916,11010,uni51B4-JP,62110,uni51B4uE0102-JP,20,
冹,冹,51B9,20921,11021,uni51B9-CN,11022,uni51B9-TW,21,
凋,凋,51CB,20939,11051,uni51CB-JP,62111,uni51CBuE0101-JP,22,
凐,凐,51D0,20944,11062,uni51D0-CN,11063,uni51D0-TW,23,
凼,凼,51FC,20988,11126,uni51FC-CN,11127,uni51FC-HK,24,
前,前,524D,21069,11237,uni524D-CN,62123,uni524DuE0101-JP,25,
剨,剨,5268,21096,11279,uni5268-CN,11280,uni5268-HK,26,
剪,剪,526A,21098,11284,uni526A-CN,11283,uni526A-JP,27,
割,割,5272,21106,11296,uni5272-KR,61809,u2F822-JP,28,
勂,勂,52C2,21186,11429,uni52C2-CN,11430,uni52C2-HK,29,
勗,勗,52D7,21207,11460,uni52D7-JP,62130,uni52D7uE0101-JP,30,
厧,厧,53A7,21415,11796,uni53A7-CN,11797,uni53A7-HK,31,
叟,叟,53DF,21471,61905,uni53DF-JP90-JP,11892,uni53DF-JP,32,
吾,吾,543E,21566,12033,uni543E-CN,12034,uni543E-TW,33,
呀,呀,5440,21568,12037,uni5440-KR,12036,uni5440-JP,34,
呈,呈,5448,21576,12050,uni5448-KR,62157,uni5448uE0101-JP,35,
周,周,5468,21608,12093,uni5468-CN,61814,u2F83F-JP,36,
咎,咎,548E,21646,12148,uni548E-KR,12147,uni548E-JP,37,
咓,咓,5493,21651,12154,uni5493-CN,12155,uni5493-HK,38,
唔,唔,5514,21780,12342,uni5514-CN,12343,uni5514-HK,39,
唥,唥,5525,21797,12361,uni5525-CN,12362,uni5525-HK,40,
唦,唦,5526,21798,12363,uni5526-CN,12364,uni5526-HK,41,
唬,唬,552C,21804,12373,uni552C-CN,12374,uni552C-TW,42,
唱,唱,5531,21809,12381,uni5531-CN,12381,uni5531-CN,43,
唴,唴,5534,21812,12388,uni5534-CN,12389,uni5534-TW,44,
唹,唹,5539,21817,62162,uni5539uE0101-JP,12398,uni5539-JP,45,
商,商,5546,21830,12424,uni5546-JP,62164,uni5546uE0101-JP,46,
啟,啟,555F,21855,12463,uni555F-CN,12464,uni555F-TW,47,
啡,啡,5561,21857,12466,uni5561-JP,62166,uni5561uE0101-JP,48,
喞,喞,559E,21918,12564,uni559E-CN,12563,uni559E-JP,49,
喫,喫,55AB,21931,62170,uni55ABuE0101-JP,62171,uni55ABuE0102-JP,50,
喼,喼,55BC,21948,12617,uni55BC-CN,12618,uni55BC-HK,51,
嗂,嗂,55C2,21954,12627,uni55C2-CN,12629,uni55C2-HK,52,
嗐,嗐,55D0,21968,12653,uni55D0-CN,12655,uni55D0-HK,53,
嗖,嗖,55D6,21974,12668,uni55D6-CN,12669,uni55D6-TW,54,
嗡,嗡,55E1,21985,12691,uni55E1-CN,12692,uni55E1-TW,55,
嘈,嘈,5608,22024,12759,uni5608-CN,12759,uni5608-CN,56,
嘲,嘲,5632,22066,61909,uni5632-JP90-JP,12827,uni5632-JP,57,
噙,噙,5659,22105,12894,uni5659-CN,12894,uni5659-CN,58,
噳,噳,5673,22131,12943,uni5673-CN,12944,uni5673-TW,59,
噾,噾,567E,22142,12962,uni567E-CN,12963,uni567E-TW,60,
嚮,嚮,56AE,22190,62181,uni56AEuE0103-JP,62179,uni56AEuE0101-JP,61,
嚳,嚳,56B3,22195,13058,uni56B3-KR,13057,uni56B3-JP,62,
囮,囮,56EE,22254,13162,uni56EE-JP,62184,uni56EEuE0101-JP,63,
圄,圄,5704,22276,13197,uni5704-CN,13198,uni5704-HK,64,
坋,坋,574B,22347,13302,uni574B-CN,13303,uni574B-TW,65,
埁,埁,57C1,22465,13466,uni57C1-CN,13467,uni57C1-TW,66,
城,城,57CE,22478,13486,uni57CE-CN,61817,u2F852-JP,67,
塺,塺,587A,22650,13772,uni587A-CN,13773,uni587A-TW,68,
堋,堋,580B,22539,13590,uni580B-CN,62192,uni580BuE0101-JP,69,
堔,堔,5814,22548,13602,uni5814-CN,13603,uni5814-TW,70,
墁,墁,5881,22657,13787,uni5881-CN,13786,uni5881-JP,71,
墒,墒,5892,22674,13818,uni5892-CN,13819,uni5892-HK,72,
壏,壏,58CF,22735,13919,uni58CF-CN,13920,uni58CF-TW,73,
壓,壓,58D3,22739,13928,uni58D3-JP,13929,uni58D3-CN,74,
壣,壣,58E3,22755,13962,uni58E3-CN,13963,uni58E3-TW,75,
壳,壳,58F3,22771,13983,uni58F3-JP,13984,uni58F3-CN,76,
夗,夗,5917,22807,14044,uni5917-CN,14045,uni5917-TW,77,
夠,夠,5920,22816,14060,uni5920-CN,14061,uni5920-TW,78,
夢,夢,5922,22818,14065,uni5922-CN,14064,uni5922-JP,79,
契,契,5951,22865,58855,uniF909-JP,62203,uni5951uE0102-JP,80,
妄,妄,5984,22916,14242,uni5984-JP,62208,uni5984uE0101-JP,81,
妐,妐,5990,22928,14267,uni5990-CN,14267,uni5990-CN,82,
婓,婓,5A53,23123,14743,uni5A53-CN,14743,uni5A53-CN,83,
婔,婔,5A54,23124,14745,uni5A54-CN,14745,uni5A54-CN,84,
婙,婙,5A59,23129,14757,uni5A59-CN,14757,uni5A59-CN,85,
婤,婤,5A64,23140,14783,uni5A64-CN,14783,uni5A64-CN,86,
媥,媥,5AA5,23205,14936,uni5AA5-CN,14936,uni5AA5-CN,87,
媺,媺,5ABA,23226,14992,uni5ABA-KR,14991,uni5ABA-JP,88,
嫂,嫂,5AC2,23234,15016,uni5AC2-JP,62220,uni5AC2uE0101-JP,89,
嫃,嫃,5AC3,23235,15020,uni5AC3-CN,15020,uni5AC3-CN,90,
嫚,嫚,5ADA,23258,15073,uni5ADA-JP,62222,uni5ADAuE0101-JP,91,
嬤,嬤,5B24,23332,15251,uni5B24-CN,15251,uni5B24-CN,92,
嬮,嬮,5B2E,23342,15277,uni5B2E-CN,15277,uni5B2E-CN,93,
嬴,嬴,5B34,23348,15291,uni5B34-KR,15290,uni5B34-JP,94,
孈,孈,5B48,23368,15334,uni5B48-CN,15334,uni5B48-CN,95,
孊,孊,5B4A,23370,15337,uni5B4A-CN,15337,uni5B4A-CN,96,
孍,孍,5B4D,23373,15346,uni5B4D-CN,15346,uni5B4D-CN,97,
宬,宬,5BAC,23468,15531,uni5BAC-KR,15530,uni5BAC-JP,98,
害,害,5BB3,23475,15545,uni5BB3-JP,62227,uni5BB3uE0102-JP,99,
寑,寑,5BD1,23505,15605,uni5BD1-CN,15606,uni5BD1-TW,100,
将,将,5C06,23558,15719,uni5C06-JP,15720,uni5C06-CN,101,
尐,尐,5C10,23568,15737,uni5C10-CN,15739,uni5C10-HK,102,
尜,尜,5C1C,23580,15755,uni5C1C-CN,15756,uni5C1C-HK,103,
尳,尳,5C33,23603,15788,uni5C33-CN,15790,uni5C33-HK,104,
屄,屄,5C44,23620,15814,uni5C44-CN,15815,uni5C44-TW,105,
岈,岈,5C88,23688,15932,uni5C88-KR,15931,uni5C88-JP,106,
岋,岋,5C8B,23691,15939,uni5C8B-CN,15940,uni5C8B-TW,107,
岤,岤,5CA4,23716,15987,uni5CA4-CN,15988,uni5CA4-TW,108,
峑,峑,5CD1,23761,16075,uni5CD1-CN,16076,uni5CD1-HK,109,
峛,峛,5CDB,23771,16098,uni5CDB-CN,16099,uni5CDB-TW,110,
峼,峼,5CFC,23804,16163,uni5CFC-CN,16164,uni5CFC-HK,111,
崩,崩,5D29,23849,16262,uni5D29-CN,62239,uni5D29uE0101-JP,112,
嵼,嵼,5D7C,23932,16427,uni5D7C-CN,16428,uni5D7C-TW,113,
嶵,嶵,5DB5,23989,16550,uni5DB5-CN,16551,uni5DB5-TW,114,
嶶,嶶,5DB6,23990,16552,uni5DB6-CN,16553,uni5DB6-HK,115,
巀,巀,5DC0,24000,16574,uni5DC0-CN,16575,uni5DC0-HK,116,
巂,巂,5DC2,24002,16578,uni5DC2-CN,16579,uni5DC2-TW,117,
巆,巆,5DC6,24006,16585,uni5DC6-CN,16586,uni5DC6-TW,118,
巔,巔,5DD4,24020,16614,uni5DD4-CN,16615,uni5DD4-HK,119,
巟,巟,5DDF,24031,16634,uni5DDF-CN,65495,uni5DDF-HK,120,
帝,帝,5E1D,24093,16721,uni5E1D-JP,62249,uni5E1DuE0101-JP,121,
幔,幔,5E54,24148,16798,uni5E54-CN,62253,uni5E54uE0101-JP,122,
幰,幰,5E70,24176,16847,uni5E70-KR,16846,uni5E70-JP,123,
幵,幵,5E75,24181,16856,uni5E75-JP,16858,uni5E75-HK,124,
庈,庈,5E88,24200,16895,uni5E88-CN,16896,uni5E88-TW,125,
廋,廋,5ECB,24267,62260,uni5ECBuE0101-JP,17019,uni5ECB-JP,126,
廏,廏,5ECF,24271,17029,uni5ECF-JP,62261,uni5ECFuE0101-JP,127,
廐,廐,5ED0,24272,17032,uni5ED0-KR,62262,uni5ED0uE0101-JP,128,
廟,廟,5EDF,24287,61920,uni5EDF-JP90-JP,17069,uni5EDF-JP,129,
弅,弅,5F05,24325,17144,uni5F05-CN,17145,uni5F05-TW,130,
弒,弒,5F12,24338,17167,uni5F12-CN,17167,uni5F12-CN,131,
弚,弚,5F1A,24346,17182,uni5F1A-CN,17183,uni5F1A-TW,132,
弸,弸,5F38,24376,17244,uni5F38-JP,62273,uni5F38uE0101-JP,133,
彫,彫,5F6B,24427,17339,uni5F6B-JP,61825,u2F89A-JP,134,
徟,徟,5F9F,24479,17422,uni5F9F-CN,17424,uni5F9F-HK,135,
微,微,5FAE,24494,62278,uni5FAEuE0101-JP,17452,uni5FAE-JP,136,
忘,忘,5FD8,24536,17515,uni5FD8-JP,62281,uni5FD8uE0101-JP,137,
忙,忙,5FD9,24537,17518,uni5FD9-JP,62282,uni5FD9uE0101-JP,138,
忴,忴,5FF4,24564,17563,uni5FF4-CN,17564,uni5FF4-TW,139,
恐,恐,6050,24656,17700,uni6050-JP,62285,uni6050uE0101-JP,140,
恝,恝,605D,24669,17724,uni605D-TW,17722,uni605D-JP,141,
恢,恢,6062,24674,17731,uni6062-JP,17731,uni6062-JP,142,
恮,恮,606E,24686,17753,uni606E-CN,17754,uni606E-TW,143,
悜,悜,609C,24732,17827,uni609C-CN,17828,uni609C-TW,144,
悟,悟,609F,24735,17833,uni609F-CN,17834,uni609F-TW,145,
惆,惆,60C6,24774,17906,uni60C6-CN,17905,uni60C6-JP,146,
惌,惌,60CC,24780,17918,uni60CC-CN,17919,uni60CC-TW,147,
惗,惗,60D7,24791,17932,uni60D7-CN,17933,uni60D7-HK,148,
惘,惘,60D8,24792,17935,uni60D8-KR,17934,uni60D8-JP,149,
惾,惾,60FE,24830,17992,uni60FE-CN,17994,uni60FE-HK,150,
意,意,610F,24847,18027,uni610F-JP,62295,uni610FuE0101-JP,151,
愮,愮,612E,24878,18081,uni612E-CN,18083,uni612E-HK,152,
愲,愲,6132,24882,18089,uni6132-TW,18090,uni6132-HK,153,
慌,慌,614C,24908,18144,uni614C-JP,62297,uni614CuE0101-JP,154,
慢,慢,6162,24930,18183,uni6162-JP,62299,uni6162uE0101-JP,155,
憌,憌,618C,24972,18273,uni618C-CN,18274,uni618C-TW,156,
憲,憲,61B2,25010,18339,uni61B2-JP,62308,uni61B2uE0102-JP,157,
懕,懕,61D5,25045,18411,uni61D5-JP,18412,uni61D5-CN,158,
懚,懚,61DA,25050,18418,uni61DA-CN,18419,uni61DA-HK,159,
懜,懜,61DC,25052,18421,uni61DC-JP,18422,uni61DC-CN,160,
懨,懨,61E8,25064,18443,uni61E8-JP,18445,uni61E8-HK,161,
戎,戎,620E,25102,18516,uni620E-JP,18517,uni620E-CN,162,
成,成,6210,25104,18519,uni6210-CN,61829,u2F8B2-JP,163,
戺,戺,623A,25146,18583,uni623A-CN,18584,uni623A-TW,164,
扨,扨,6268,25192,18671,uni6268-JP,18672,uni6268-CN,165,
扲,扲,6272,25202,18687,uni6272-CN,18688,uni6272-TW,166,
拷,拷,62F7,25335,18880,uni62F7-JP,62327,uni62F7uE0101-JP,167,
拸,拸,62F8,25336,18882,uni62F8-CN,18883,uni62F8-TW,168,
挱,挱,6331,25393,18969,uni6331-CN,18970,uni6331-HK,169,
掋,掋,638B,25483,19115,uni638B-CN,19116,uni638B-HK,170,
掰,掰,63B0,25520,19185,uni63B0-CN,19186,uni63B0-TW,171,
掽,掽,63BD,25533,19199,uni63BD-JP,19200,uni63BD-CN,172,
揃,揃,63C3,25539,61932,uni63C3-JP90-JP,19208,uni63C3-JP,173,
揇,揇,63C7,25543,19218,uni63C7-CN,19219,uni63C7-HK,174,
揙,揙,63D9,25561,19250,uni63D9-CN,19251,uni63D9-TW,175,
搜,搜,641C,25628,19362,uni641C-JP,62342,uni641CuE0101-JP,176,
搧,搧,6427,25639,19387,uni6427-CN,19388,uni6427-TW,177,
搲,搲,6432,25650,19414,uni6432-CN,19415,uni6432-HK,178,
搳,搳,6433,25651,19416,uni6433-CN,19418,uni6433-HK,179,
搷,搷,6437,25655,19425,uni6437-CN,19426,uni6437-HK,180,
撐,撐,6490,25744,19574,uni6490-KR,19573,uni6490-JP,181,
撗,撗,6497,25751,19586,uni6497-CN,19588,uni6497-HK,182,
撯,撯,64AF,25775,19634,uni64AF-CN,19635,uni64AF-HK,183,
擫,擫,64EB,25835,19749,uni64EB-TW,19750,uni64EB-HK,184,
擶,擶,64F6,25846,19773,uni64F6-JP,62347,uni64F6uE0101-JP,185,
攠,攠,6520,25888,19867,uni6520-CN,19868,uni6520-TW,186,
敜,敜,655C,25948,19964,uni655C-CN,19965,uni655C-TW,187,
敹,敹,6579,25977,20010,uni6579-TW,20011,uni6579-HK,188,
斢,斢,65A2,26018,20082,uni65A2-CN,20084,uni65A2-HK,189,
於,於,65BC,26044,62359,uni65BCuE0101-JP,20132,uni65BC-JP,190,
旃,旃,65C3,26051,20148,uni65C3-KR,20147,uni65C3-JP,191,
旍,旍,65CD,26061,20167,uni65CD-CN,20168,uni65CD-TW,192,
旣,旣,65E3,26083,20216,uni65E3-KR,58930,uniFA42-JP,193,
明,明,660E,26126,20282,uni660E-JP,62362,uni660EuE0101-JP,194,
晟,晟,665F,26207,20400,uni665F-CN,62364,uni665FuE0101-JP,195,
晧,晧,6667,26215,62367,uni6667uE0101-JP,20414,uni6667-JP,196,
晩,晩,6669,26217,20410,uni6665-JP,20419,uni6669-JP,197,
暗,暗,6697,26263,20490,uni6697-JP,62373,uni6697uE0101-JP,198,
暡,暡,66A1,26273,20509,uni66A1-CN,20510,uni66A1-TW,199,
曁,曁,66C1,26305,62375,uni66C1uE0102-JP,62374,uni66C1uE0101-JP,200,
曼,曼,66FC,26364,20666,uni66FC-CN,62382,uni66FCuE0101-JP,201,
月,月,6708,26376,20694,uni6708-CN,62384,uni6708uE0101-JP,202,
有,有,6709,26377,20695,uni6709-CN,62385,uni6709uE0101-JP,203,
朋,朋,670B,26379,20698,uni670B-CN,62386,uni670BuE0101-JP,204,
服,服,670D,26381,20700,uni670D-CN,62387,uni670DuE0101-JP,205,
朕,朕,6715,26389,62388,uni6715uE0101-JP,62389,uni6715uE0102-JP,206,
朗,朗,6717,26391,62390,uni6717uE0102-JP,62391,uni6717uE0103-JP,207,
朘,朘,6718,26392,20719,uni6718-CN,20721,uni6718-HK,208,
朝,朝,671D,26397,20732,uni671D-JP,62394,uni671DuE0101-JP,209,
期,期,671F,26399,20735,uni671F-CN,62395,uni671FuE0101-JP,210,
杓,杓,6753,26451,61940,uni6753-JP90-JP,20816,uni6753-JP,211,
杗,杗,6757,26455,20821,uni6757-CN,20823,uni6757-HK,212,
杧,杧,6767,26471,20842,uni6767-CN,20843,uni6767-HK,213,
杹,杹,6779,26489,20868,uni6779-TW,20869,uni6779-HK,214,
枍,枍,678D,26509,20902,uni678D-CN,20903,uni678D-TW,215,
枔,枔,6794,26516,20914,uni6794-CN,20915,uni6794-TW,216,
枦,枦,67A6,26534,20937,uni67A6-JP,62398,uni67A6uE0101-JP,217,
柭,柭,67ED,26605,21043,uni67ED-CN,21044,uni67ED-TW,218,
栐,栐,6810,26640,21094,uni6810-JP,21095,uni6810-CN,219,
栠,栠,6820,26656,21123,uni6820-TW,21124,uni6820-HK,220,
栲,栲,6832,26674,21153,uni6832-KR,21152,uni6832-JP,221,
栴,栴,6834,26676,21158,uni6834-KR,21157,uni6834-JP,222,
桯,桯,686F,26735,21247,uni686F-KR,21246,uni686F-JP,223,
梏,梏,688F,26767,21300,uni688F-CN,21299,uni688F-JP,224,
梒,梒,6892,26770,21306,uni6892-CN,21307,uni6892-TW,225,
梤,梤,68A4,26788,21337,uni68A4-CN,21338,uni68A4-TW,226,
棇,棇,68C7,26823,21397,uni68C7-CN,21398,uni68C7-TW,227,
棎,棎,68CE,26830,21411,uni68CE-CN,21412,uni68CE-TW,228,
棚,棚,68DA,26842,21435,uni68DA-CN,62418,uni68DAuE0101-JP,229,
棦,棦,68E6,26854,21453,uni68E6-CN,21454,uni68E6-TW,230,
棸,棸,68F8,26872,21490,uni68F8-CN,21492,uni68F8-HK,231,
椕,椕,6915,26901,21553,uni6915-CN,21554,uni6915-TW,232,
楄,楄,6944,26948,21629,uni6944-CN,21630,uni6944-TW,233,
楌,楌,694C,26956,21642,uni694C-CN,21643,uni694C-TW,234,
楞,楞,695E,26974,21671,uni695E-JP,62423,uni695EuE0101-JP,235,
概,概,6982,27010,21741,uni6982-JP,62427,uni6982uE0103-JP,236,
榣,榣,69A3,27043,21796,uni69A3-CN,21798,uni69A3-HK,237,
槩,槩,69E9,27113,21931,uni69E9-KR,21930,uni69E9-JP,238,
槸,槸,69F8,27128,21962,uni69F8-CN,21963,uni69F8-TW,239,
槾,槾,69FE,27134,21974,uni69FE-JP,62433,uni69FEuE0101-JP,240,
樇,樇,6A07,27143,21989,uni6A07-CN,65504,uni6A07-HK,241,
橕,橕,6A55,27221,22126,uni6A55-JP,62435,uni6A55uE0101-JP,242,
檉,檉,6A89,27273,22214,uni6A89-KR,22213,uni6A89-JP,243,
檌,檌,6A8C,27276,22218,uni6A8C-CN,22219,uni6A8C-TW,244,
檓,檓,6A93,27283,22233,uni6A93-CN,22234,uni6A93-TW,245,
櫋,櫋,6ACB,27339,22337,uni6ACB-CN,22338,uni6ACB-TW,246,
櫘,櫘,6AD8,27352,22356,uni6AD8-CN,22357,uni6AD8-HK,247,
櫝,櫝,6ADD,27357,22369,uni6ADD-CN,22368,uni6ADD-JP,248,
欝,欝,6B1D,27421,22486,uni6B1D-JP,62442,uni6B1DuE0101-JP,249,
欤,欤,6B24,27428,22501,uni6B24-JP,62445,uni6B24uE0101-JP,250,
歅,歅,6B45,27461,22557,uni6B45-CN,22558,uni6B45-TW,251,
歶,歶,6B76,27510,22650,uni6B76-TW,22651,uni6B76-HK,252,
殈,殈,6B88,27528,22688,uni6B88-CN,22689,uni6B88-TW,253,
殌,殌,6B8C,27532,22696,uni6B8C-CN,22697,uni6B8C-TW,254,
殎,殎,6B8E,27534,22701,uni6B8E-CN,22702,uni6B8E-TW,255,
殏,殏,6B8F,27535,22703,uni6B8F-CN,22704,uni6B8F-TW,256,
殙,殙,6B99,27545,22724,uni6B99-CN,22725,uni6B99-TW,257,
殥,殥,6BA5,27557,22748,uni6BA5-CN,22749,uni6BA5-TW,258,
殦,殦,6BA6,27558,22750,uni6BA6-CN,22751,uni6BA6-TW,259,
殧,殧,6BA7,27559,22752,uni6BA7-CN,22753,uni6BA7-TW,260,
毒,毒,6BD2,27602,22844,uni6BD2-KR,22843,uni6BD2-JP,261,
氓,氓,6C13,27667,22957,uni6C13-KR,62450,uni6C13uE0101-JP,262,
氹,氹,6C39,27705,23016,uni6C39-CN,23017,uni6C39-HK,263,
汆,汆,6C46,27718,23033,uni6C46-CN,23034,uni6C46-TW,264,
汋,汋,6C4B,27723,23041,uni6C4B-CN,23040,uni6C4B-JP,265,
汒,汒,6C52,27730,23053,uni6C52-KR,23052,uni6C52-JP,266,
汛,汛,6C5B,27739,23066,uni6C5B-JP,23067,uni6C5B-CN,267,
汵,汵,6C75,27765,23105,uni6C75-CN,23106,uni6C75-HK,268,
沊,沊,6C8A,27786,23139,uni6C8A-CN,23140,uni6C8A-TW,269,
沎,沎,6C8E,27790,23146,uni6C8E-TW,23147,uni6C8E-HK,270,
沪,沪,6CAA,27818,23184,uni6CAA-JP,62452,uni6CAAuE0101-JP,271,
沿,沿,6CBF,27839,61836,u2F8FC-JP,62454,uni6CBFuE0102-JP,272,
洖,洖,6D16,27926,23344,uni6D16-CN,23345,uni6D16-TW,273,
洰,洰,6D30,27952,23381,uni6D30-CN,23382,uni6D30-TW,274,
浧,浧,6D67,28007,23461,uni6D67-KR,23460,uni6D67-JP,275,
浩,浩,6D69,28009,23464,uni6D69-CN,61837,u2F903-JP,276,
浻,浻,6D7B,28027,23492,uni6D7B-CN,23493,uni6D7B-TW,277,
涳,涳,6DB3,28083,23574,uni6DB3-CN,23575,uni6DB3-TW,278,
淍,淍,6DCD,28109,23621,uni6DCD-CN,23623,uni6DCD-HK,279,
淤,淤,6DE4,28132,62462,uni6DE4uE0101-JP,23665,uni6DE4-JP,280,
渠,渠,6E20,28192,23767,uni6E20-JP,23769,uni6E20-HK,281,
湔,湔,6E54,28244,23860,uni6E54-CN,23859,uni6E54-JP,282,
湥,湥,6E65,28261,23889,uni6E65-CN,23890,uni6E65-TW,283,
湱,湱,6E71,28273,23907,uni6E71-CN,23909,uni6E71-HK,284,
溛,溛,6E9B,28315,23969,uni6E9B-CN,23970,uni6E9B-TW,285,
溞,溞,6E9E,28318,23974,uni6E9E-CN,23975,uni6E9E-TW,286,
溦,溦,6EA6,28326,23988,uni6EA6-CN,23989,uni6EA6-TW,287,
溲,溲,6EB2,28338,24011,uni6EB2-KR,24010,uni6EB2-JP,288,
滋,滋,6ECB,28363,62473,uni6ECBuE0102-JP,24065,uni6ECB-JP,289,
滐,滐,6ED0,28368,24077,uni6ED0-CN,24079,uni6ED0-HK,290,
滘,滘,6ED8,28376,24093,uni6ED8-CN,24094,uni6ED8-TW,291,
滛,滛,6EDB,28379,24099,uni6EDB-JP,62475,uni6EDBuE0101-JP,292,
漒,漒,6F12,28434,24198,uni6F12-CN,24199,uni6F12-TW,293,
漫,漫,6F2B,28459,24245,uni6F2B-CN,24246,uni6F2B-TW,294,
漰,漰,6F30,28464,24255,uni6F30-CN,24254,uni6F30-JP,295,
潃,潃,6F43,28483,24288,uni6F43-CN,24290,uni6F43-HK,296,
潔,潔,6F54,28500,24314,uni6F54-KR,62482,uni6F54uE0101-JP,297,
潖,潖,6F56,28502,24318,uni6F56-CN,24319,uni6F56-HK,298,
潛,潛,6F5B,28507,62483,uni6F5BuE0101-JP,24329,uni6F5B-JP,299,
潤,潤,6F64,28516,62485,uni6F64uE0101-JP,24350,uni6F64-JP,300,
潮,潮,6F6E,28526,24362,uni6F6E-CN,61839,u2F90F-JP,301,
澔,澔,6F94,28564,24429,uni6F94-CN,24428,uni6F94-JP,302,
澿,澿,6FBF,28607,24511,uni6FBF-TW,24512,uni6FBF-HK,303,
瀆,瀆,7006,28678,24634,uni7006-CN,24633,uni7006-JP,304,
瀙,瀙,7019,28697,24672,uni7019-CN,24674,uni7019-HK,305,
瀛,瀛,701B,28699,24679,uni701B-KR,62490,uni701BuE0101-JP,306,
灖,灖,7056,28758,24797,uni7056-CN,24798,uni7056-TW,307,
灼,灼,707C,28796,61962,uni707C-JP90-JP,24865,uni707C-JP,308,因港台新字形将火旁楷化，火部或日後再審。（如未有日、韓或陸標字形，大致以港標為準。）
焨,焨,7128,28968,25192,uni7128-TW,25193,uni7128-HK,309,
焾,焾,713E,28990,25233,uni713E-CN,25234,uni713E-HK,310,
煎,煎,714E,29006,61964,uni714E-JP90-JP,25263,uni714E-JP,311,
煟,煟,715F,29023,25300,uni715F-TW,25301,uni715F-HK,312,
煢,煢,7162,29026,62495,uni7162uE0101-JP,25308,uni7162-JP,313,
熁,熁,7181,29057,25368,uni7181-TW,25369,uni7181-HK,314,
熂,熂,7182,29058,25370,uni7182-TW,25371,uni7182-HK,315,
熳,熳,71B3,29107,25479,uni71B3-CN,62498,uni71B3uE0101-JP,316,
爃,爃,7203,29187,25650,uni7203-TW,25651,uni7203-HK,317,
爢,爢,7222,29218,25717,uni7222-CN,25718,uni7222-TW,318,
牘,牘,7258,29272,25820,uni7258-CN,25819,uni7258-JP,319,
牙,牙,7259,29273,25824,uni7259-KR,25823,uni7259-JP,320,
牚,牚,725A,29274,25828,uni725A-KR,25827,uni725A-JP,,
牾,牾,727E,29310,25882,uni727E-CN,25883,uni727E-TW,,
犗,犗,7297,29335,25918,uni7297-CN,25920,uni7297-HK,,
犘,犘,7298,29336,25921,uni7298-CN,25922,uni7298-TW,,
犟,犟,729F,29343,25931,uni729F-CN,25932,uni729F-HK,,
犢,犢,72A2,29346,25936,uni72A2-CN,25935,uni72A2-JP,321,
狑,狑,72D1,29393,26005,uni72D1-CN,26006,uni72D1-TW,,
猀,猀,7300,29440,26074,uni7300-CN,26075,uni7300-HK,,
猐,猐,7310,29456,26098,uni7310-CN,26099,uni7310-HK,,
猣,猣,7323,29475,26130,uni7323-CN,26132,uni7323-HK,,
獀,獀,7340,29504,26189,uni7340-CN,26190,uni7340-TW,,
獊,獊,734A,29514,26203,uni734A-CN,26204,uni734A-TW,,
獌,獌,734C,29516,26206,uni734C-CN,26207,uni734C-TW,,
獚,獚,735A,29530,26232,uni735A-CN,26234,uni735A-HK,,
率,率,7387,29575,26317,uni7387-JP,62509,uni7387uE0101-JP,322,
珵,珵,73F5,29685,26466,uni73F5-KR,26465,uni73F5-JP,,
珹,珹,73F9,29689,26472,uni73F9-CN,26471,uni73F9-JP,,
琱,琱,7431,29745,26565,uni7431-CN,26564,uni7431-JP,323,
琷,琷,7437,29751,26579,uni7437-CN,26580,uni7437-HK,,
瑏,瑏,744F,29775,26616,uni744F-CN,26617,uni744F-TW,,
瓊,瓊,74CA,29898,26842,uni74CA-JP,62519,uni74CAuE0101-JP,324,
瓗,瓗,74D7,29911,26865,uni74D7-CN,26866,uni74D7-TW,,
甭,甭,752D,29997,27059,uni752D-HK,27058,uni752D-CN,,
甿,甿,753F,30015,27085,uni753F-KR,27084,uni753F-JP,,
痑,痑,75D1,30161,27329,uni75D1-CN,27330,uni75D1-TW,,
痦,痦,75E6,30182,27376,uni75E6-CN,27377,uni75E6-TW,,
瘈,瘈,7608,30216,27441,uni7608-JP,62533,uni7608uE0101-JP,325,
瘑,瘑,7611,30225,27462,uni7611-CN,27463,uni7611-TW,,
瘦,瘦,7626,30246,62534,uni7626uE0101-JP,27512,uni7626-JP,326,
癓,癓,7653,30291,27607,uni7653-CN,27608,uni7653-TW,,
癚,癚,765A,30298,27622,uni765A-CN,27623,uni765A-TW,,
的,的,7684,30340,27699,uni7684-CN,62539,uni7684uE0101-JP,327,
皊,皊,768A,30346,27709,uni768A-CN,27710,uni768A-TW,,
皓,皓,7693,30355,27723,uni7693-CN,62540,uni7693uE0101-JP,328,
皾,皾,76BE,30398,27790,uni76BE-CN,27791,uni76BE-HK,,
盛,盛,76DB,30427,27832,uni76DB-CN,62543,uni76DBuE0101-JP,329,
盟,盟,76DF,30431,27838,uni76DF-CN,62544,uni76DFuE0101-JP,330,
盲,盲,76F2,30450,27868,uni76F2-JP,62545,uni76F2uE0101-JP,331,
盳,盳,76F3,30451,27871,uni76F3-CN,27872,uni76F3-TW,,
眅,眅,7705,30469,27902,uni7705-CN,27903,uni7705-TW,,
眳,眳,7733,30515,27964,uni7733-CN,27965,uni7733-TW,,
眾,眾,773E,30526,27984,uni773E-JP,27985,uni773E-CN,332,
睃,睃,7743,30531,27992,uni7743-CN,27993,uni7743-HK,,
睕,睕,7755,30549,28017,uni7755-CN,28018,uni7755-TW,,
睙,睙,7759,30553,28026,uni7759-CN,28027,uni7759-TW,,
睭,睭,776D,30573,28063,uni776D-CN,28065,uni776D-HK,,
瞂,瞂,7782,30594,28094,uni7782-CN,28095,uni7782-TW,,
瞍,瞍,778D,30605,28116,uni778D-JP,62550,uni778DuE0101-JP,333,
瞎,瞎,778E,30606,28121,uni778E-KR,28120,uni778E-JP,,
矌,矌,77CC,30668,28225,uni77CC-CN,28227,uni77CC-HK,,
矏,矏,77CF,30671,28231,uni77CF-CN,28232,uni77CF-TW,,
矒,矒,77D2,30674,28236,uni77D2-JP,28237,uni77D2-CN,,
矝,矝,77DD,30685,28259,uni77DD-CN,28260,uni77DD-HK,,
砑,砑,7811,30737,28344,uni7811-KR,28343,uni7811-JP,,
砨,砨,7828,30760,28378,uni7828-CN,28379,uni7828-TW,,
砱,砱,7831,30769,28393,uni7831-CN,28394,uni7831-TW,,
硂,硂,7842,30786,28414,uni7842-CN,28415,uni7842-HK,,
硰,硰,7870,30832,28472,uni7870-CN,28473,uni7870-HK,,
硴,硴,7874,30836,28477,uni7874-JP,28478,uni7874-CN,,
硹,硹,7879,30841,28483,uni7879-CN,28484,uni7879-TW,,
硼,硼,787C,30844,28490,uni787C-CN,62558,uni787CuE0101-JP,334,
硿,硿,787F,30847,28494,uni787F-CN,28495,uni787F-TW,,
碀,碀,7880,30848,28496,uni7880-CN,28497,uni7880-TW,,
碉,碉,7889,30857,28509,uni7889-CN,28511,uni7889-HK,,
碥,碥,78A5,30885,28555,uni78A5-CN,28556,uni78A5-TW,,
碰,碰,78B0,30896,28570,uni78B0-JP,28571,uni78B0-CN,335,
磍,磍,78CD,30925,28623,uni78CD-CN,28625,uni78CD-HK,,
磘,磘,78D8,30936,28650,uni78D8-CN,28651,uni78D8-HK,,
礼,礼,793C,31036,28820,uni793C-JP,58883,uniFA18-JP,,
祰,祰,7970,31088,28917,uni7970-CN,28918,uni7970-HK,,
禢,禢,79A2,31138,29014,uni79A2-CN,29015,uni79A2-TW,,
秎,秎,79CE,31182,29097,uni79CE-CN,29098,uni79CE-TW,,
稄,稄,7A04,31236,29180,uni7A04-CN,29182,uni7A04-HK,,
程,程,7A0B,31243,29195,uni7A0B-KR,62572,uni7A0BuE0101-JP,336,
稠,稠,7A20,31264,29235,uni7A20-CN,29234,uni7A20-JP,337,
稧,稧,7A27,31271,29247,uni7A27-KR,29246,uni7A27-JP,,
稨,稨,7A28,31272,29249,uni7A28-CN,29250,uni7A28-TW,,
穔,穔,7A54,31316,29329,uni7A54-CN,29331,uni7A54-HK,,
穨,穨,7A68,31336,29365,uni7A68-CN,29366,uni7A68-TW,,
穬,穬,7A6C,31340,29374,uni7A6C-CN,29376,uni7A6C-HK,,
穻,穻,7A7B,31355,29407,uni7A7B-CN,29408,uni7A7B-TW,,
穿,穿,7A7F,31359,29417,uni7A7F-KR,29416,uni7A7F-JP,338,
窖,窖,7A96,31382,29478,uni7A96-KR,29477,uni7A96-JP,339,
竇,竇,7AC7,31431,29601,uni7AC7-KR,29600,uni7AC7-JP,340,
笈,笈,7B08,31496,29730,uni7B08-JP,62584,uni7B08uE0101-JP,341,
筑,筑,7B51,31569,29877,uni7B51-CN,62585,uni7B51uE0101-JP,342,
箙,箙,7B99,31641,30021,uni7B99-JP,62586,uni7B99uE0101-JP,343,
箭,箭,7BAD,31661,61986,uni7BAD-JP90-JP,30058,uni7BAD-JP,344,
節,節,7BC0,31680,62587,uni7BC0uE0102-JP,58950,uniFA56-JP,345,
篠,篠,7BE0,31712,62589,uni7BE0uE0101-JP,30164,uni7BE0-JP,346,
簉,簉,7C09,31753,30259,uni7C09-KR,30258,uni7C09-JP,347,
籍,籍,7C4D,31821,30408,uni7C4D-CN,62593,uni7C4DuE0101-JP,348,
籘,籘,7C58,31832,30434,uni7C58-JP,62596,uni7C58uE0101-JP,349,
粐,粐,7C90,31888,30562,uni7C90-JP,62600,uni7C90uE0101-JP,350,
約,約,7D04,32004,30812,uni7D04-JP,62603,uni7D04uE0101-JP,351,
絜,絜,7D5C,32092,30990,uni7D5C-JP,62611,uni7D5CuE0101-JP,352,
綛,綛,7D9B,32155,31114,uni7D9B-JP,62614,uni7D9BuE0101-JP,353,
綟,綟,7D9F,32159,31124,uni7D9F-JP,62615,uni7D9FuE0101-JP,354,
綢,綢,7DA2,32162,31132,uni7DA2-KR,31131,uni7DA2-JP,355,
網,網,7DB2,32178,31167,uni7DB2-JP,62617,uni7DB2uE0101-JP,356,
緝,緝,7DDD,32221,31262,uni7DDD-JP,31262,uni7DDD-JP,357,
縵,縵,7E35,32309,31446,uni7E35-JP,62630,uni7E35uE0102-JP,358,
繃,繃,7E43,32323,31479,uni7E43-JP,62631,uni7E43uE0101-JP,359,
續,續,7E8C,32396,62633,uni7E8CuE0101-JP,31642,uni7E8C-JP,360,
翦,翦,7FE6,32742,32197,uni7FE6-KR,32196,uni7FE6-JP,361,
考,考,8003,32771,32274,uni8003-JP,62658,uni8003uE0101-JP,362,
舮,舮,822E,33326,33436,uni822E-JP,62699,uni822EuE0101-JP,363,
船,船,8239,33337,62701,uni8239uE0102-JP,62700,uni8239uE0101-JP,364,
艘,艘,8258,33368,61997,uni8258-JP90-JP,33538,uni8258-JP,365,
芍,芍,828D,33421,33651,uni828D-CN,62704,uni828DuE0101-JP,366,
芽,芽,82BD,33469,33766,uni82BD-JP,61847,u2F995-JP,367,
荒,荒,8352,33618,34077,uni8352-JP,62711,uni8352uE0101-JP,368,
荵,荵,8375,33653,34127,uni8375-JP,62712,uni8375uE0101-JP,369,
菔,菔,83D4,33748,62716,uni83D4uE0101-JP,34324,uni83D4-JP,370,
菟,菟,83DF,33759,34350,uni83DF-CN,62718,uni83DFuE0101-JP,371,
萌,萌,840C,33804,34455,uni840C-CN,62721,uni840CuE0101-JP,372,
葜,葜,845C,33884,34628,uni845C-JP,62725,uni845CuE0101-JP,373,
蒯,蒯,84AF,33967,34819,uni84AF-CN,34818,uni84AF-JP,374,
蕑,蕑,8551,34129,35211,uni8551-JP,62732,uni8551uE0101-JP,375,
蕝,蕝,855D,34141,35241,uni855D-JP,62734,uni855DuE0101-JP,376,
薇,薇,8587,34183,35342,uni8587-JP,62737,uni8587uE0101-JP,377,
蜩,蜩,8729,34601,36181,uni8729-CN,36180,uni8729-JP,378,
蠃,蠃,8803,34819,36568,uni8803-JP,62756,uni8803uE0101-JP,379,
衂,衂,8842,34882,36693,uni8842-JP,62761,uni8842uE0101-JP,380,
衆,衆,8846,34886,62762,uni8846uE0101-JP,36700,uni8846-JP,381,
裯,裯,88EF,35055,37004,uni88EF-KR,37003,uni88EF-JP,382,
覿,覿,89BF,35263,37427,uni89BF-CN,37426,uni89BF-JP,383,
訊,訊,8A0A,35338,37562,uni8A0A-JP,62784,uni8A0AuE0102-JP,384,
誠,誠,8AA0,35488,37864,uni8AA0-JP,62792,uni8AA0uE0101-JP,385,
誥,誥,8AA5,35493,37876,uni8AA5-KR,37875,uni8AA5-JP,386,
調,調,8ABF,35519,37927,uni8ABF-JP,62794,uni8ABFuE0101-JP,387,
訝,訝,8A1D,35357,37601,uni8A1D-KR,37600,uni8A1D-JP,388,
謾,謾,8B3E,35646,38211,uni8B3E-JP,62804,uni8B3EuE0101-JP,389,
賊,賊,8CCA,36042,62819,uni8CCAuE0101-JP,62820,uni8CCAuE0102-JP,390,
賙,賙,8CD9,36057,38865,uni8CD9-CN,38864,uni8CD9-JP,391,
贖,贖,8D16,36118,38968,uni8D16-CN,38967,uni8D16-JP,392,
趴,趴,8DB4,36276,39178,uni8DB4-CN,39179,uni8DB4-TW,393,
轄,轄,8F44,36676,39853,uni8F44-KR,62842,uni8F44uE0101-JP,394,
迅,迅,8FC5,36805,62846,uni8FC5uE0102-JP,62845,uni8FC5uE0101-JP,395,
迯,迯,8FEF,36847,40171,uni8FEF-JP,62856,uni8FEFuE0101-JP,396,
造,造,9020,36896,40305,uni9020-KR,62875,uni9020uE0101-JP,397,
週,週,9031,36913,40347,uni9031-KR,62878,uni9031uE0101-JP,398,
遁,遁,9041,36929,40389,uni9041-JP,62882,uni9041uE0101-JP,399,
適,適,9069,36969,40502,uni9069-KR,40502,uni9069-KR,400,
邪,邪,90AA,37034,40651,uni90AA-JP,62939,uni90AAuE0102-JP,401,
郜,郜,90DC,37084,40726,uni90DC-CN,40725,uni90DC-JP,402,
鄕,鄕,9115,37141,40819,uni9115-KR,40818,uni9115-JP,403,
酌,酌,914C,37196,40931,uni914C-CN,62942,uni914CuE0101-JP,404,
酷,酷,9177,37239,41022,uni9177-CN,62949,uni9177uE0101-JP,405,
釣,釣,91E3,37347,41257,uni91E3-JP,62958,uni91E3uE0101-JP,406,
鉛,鉛,925B,37467,62962,uni925BuE0102-JP,62961,uni925BuE0101-JP,407,
鋩,鋩,92E9,37609,41760,uni92E9-JP,62963,uni92E9uE0101-JP,408,
錵,錵,9335,37685,41911,uni9335-JP,62964,uni9335uE0101-JP,409,
鍥,鍥,9365,37733,42001,uni9365-JP,62965,uni9365uE0101-JP,410,
鏝,鏝,93DD,37853,42250,uni93DD-JP,62971,uni93DDuE0101-JP,411,
閒,閒,9592,38290,42866,uni9592-JP,62973,uni9592uE0101-JP,412,
雅,雅,96C5,38597,43348,uni96C5-JP,62991,uni96C5uE0102-JP,413,
雕,雕,96D5,38613,43380,uni96D5-KR,43379,uni96D5-JP,414,
静,静,9759,38745,43664,uni9759-JP,63001,uni9759uE0101-JP,415,
靠,靠,9760,38752,43682,uni9760-KR,43681,uni9760-JP,416,
音,音,97F3,38899,43935,uni97F3-JP,63012,uni97F3uE0101-JP,417,
響,響,97FF,38911,63013,uni97FFuE0102-JP,63014,uni97FFuE0103-JP,418,
饅,饅,9945,39237,44565,uni9945-JP,63037,uni9945uE0102-JP,419,
驟,驟,9A5F,39519,63044,uni9A5FuE0101-JP,45045,uni9A5F-JP,420,
骫,骫,9AAB,39595,45140,uni9AAB-TW,45141,uni9AAB-HK,421,
骱,骱,9AB1,39601,45157,uni9AB1-CN,45159,uni9AB1-HK,422,
骳,骳,9AB3,39603,45163,uni9AB3-TW,45164,uni9AB3-HK,423,
骺,骺,9ABA,39610,45184,uni9ABA-CN,45185,uni9ABA-HK,424,
髂,髂,9AC2,39618,45209,uni9AC2-CN,45211,uni9AC2-HK,425,
髇,髇,9AC7,39623,45221,uni9AC7-CN,45223,uni9AC7-HK,426,
髊,髊,9ACA,39626,45228,uni9ACA-TW,45229,uni9ACA-HK,427,
髍,髍,9ACD,39629,45232,uni9ACD-CN,45234,uni9ACD-HK,428,
鬅,鬅,9B05,39685,45361,uni9B05-KR,45360,uni9B05-JP,429,
鬋,鬋,9B0B,39691,45375,uni9B0B-KR,45374,uni9B0B-JP,430,
鬘,鬘,9B18,39704,45404,uni9B18-JP,63047,uni9B18uE0101-JP,431,
魍,魍,9B4D,39757,63051,uni9B4DuE0101-JP,45525,uni9B4D-JP,432,
魘,魘,9B58,39768,45555,uni9B58-JP,63053,uni9B58uE0101-JP,433,
鯛,鯛,9BDB,39899,45746,uni9BDB-JP,63059,uni9BDBuE0101-JP,434,
鯲,鯲,9BF2,39922,45791,uni9BF2-JP,45791,uni9BF2-JP,435,
鱈,鱈,9C48,40008,45952,uni9C48-JP,63066,uni9C48uE0101-JP,436,
鱡,鱡,9C61,40033,45999,uni9C61-JP,46000,uni9C61-CN,437,
鴉,鴉,9D09,40201,46202,uni9D09-KR,46201,uni9D09-JP,438,
鵩,鵩,9D69,40297,46348,uni9D69-CN,46347,uni9D69-JP,439,
鵬,鵬,9D6C,40300,46352,uni9D6C-JP,63072,uni9D6CuE0101-JP,440,
鵰,鵰,9D70,40304,46357,uni9D70-CN,46356,uni9D70-JP,441,
黷,黷,9EF7,40695,47097,uni9EF7-CN,47096,uni9EF7-JP,442,
龍,龍,9F8D,40845,47443,uni9F8D-JP,63095,uni9F8DuE0102-JP,443,
龜,龜,9F9C,40860,63096,uni9F9CuE0101-JP,47476,uni9F9C-JP,444,
龝,龝,9F9D,40861,63098,uni9F9DuE0101-JP,47479,uni9F9D-JP,445,
㑾,㑾,347E,13438,2575,uni347E-CN,2576,uni347E-HK,446,
㕙,㕙,3559,13657,2805,uni3559-CN,2806,uni3559-HK,447,
㖗,㖗,3597,13719,2871,uni3597-CN,2872,uni3597-HK,448,
㖿,㖿,35BF,13759,2916,uni35BF-CN,2917,uni35BF-HK,449,
㘚,㘚,361A,13850,3017,uni361A-CN,3018,uni361A-HK,,
